{
	"class_name" : "ViewTrajectory",
	"interval" : 29,
	"is_loop" : false,
	"trajectory" :
	[
		{
			"boundingbox_max" : [ 75.825766845063612, 74.660527776196858, 5.7631902752349902 ],
			"boundingbox_min" : [ -49.712472413547289, -69.838721631477469, -1.236162017445716 ],
			"field_of_view" : 60.0,
			"front" : [ 0.42149238953069712, -0.81138370875554688, 0.40496992818454702 ],
			"lookat" : [ 13.056647215758161, 2.4109030723596945, 2.263514128894637 ],
			"up" : [ -0.25052622313468664, 0.32500897579092991, 0.91192421679501412 ],
			"zoom" : 0.71999999999999997
		}
	],
	"version_major" : 1,
	"version_minor" : 0
}